Date,EggMass_number,Visit_num,Plot,Row_num,Location_Plot,Location_Field,Edge,Middle,Leaf_num,Egg_num,Eaten,Nonviable,Hatch,Parasitism ,WBCW ,stink bug bug,ECB,Pest,Entry ,Block,Plot,System,SpringCover,CashCrop,FallCover, Treatment,SoilDisturbance_num,AboveGroundDisturbance_num,SamplingEvent
2022-07-14,3,1,121,3,middle,0,1,0,9,55,0,1,0,0,1,0,0,WBCW,2,1,121,1,Oat/Rea/Radish,Corn,Cereal Rye,Shallow,9,1,2
2022-07-14,4,1,121,3,middle,0,1,0,9,54,35,0,0,0,1,0,0,WBCW,2,1,121,1,Oat/Rea/Radish,Corn,Cereal Rye,Shallow,9,1,2
2022-07-14,5,1,121,3,top,0,1,0,9,132,35,1,0,0,1,0,0,WBCW,2,1,121,1,Oat/Rea/Radish,Corn,Cereal Rye,Shallow,9,1,2
2022-07-14,6,1,121,3,top,0,1,0,9,127,0,0,0,0,1,0,0,WBCW,2,1,121,1,Oat/Rea/Radish,Corn,Cereal Rye,Shallow,9,1,2
2022-07-14,7,1,121,4,top,0,0,1,7,14,0,0,0,0,1,0,0,WBCW,2,1,121,1,Oat/Rea/Radish,Corn,Cereal Rye,Shallow,9,1,2
2022-07-14,8,1,121,5,top,0,0,1,9,114,11,0,0,0,1,0,0,WBCW,2,1,121,1,Oat/Rea/Radish,Corn,Cereal Rye,Shallow,9,1,2
2022-07-14,9,1,121,5,top,0,0,1,8,68,0,0,0,0,1,0,0,WBCW,2,1,121,1,Oat/Rea/Radish,Corn,Cereal Rye,Shallow,9,1,2
2022-07-14,10,1,121,5,middle,0,0,1,7,98,0,0,0,0,1,0,0,WBCW,2,1,121,1,Oat/Rea/Radish,Corn,Cereal Rye,Shallow,9,1,2
2022-07-14,11,1,121,5,bottom,0,0,1,9,147,0,0,0,0,1,0,0,WBCW,2,1,121,1,Oat/Rea/Radish,Corn,Cereal Rye,Shallow,9,1,2
2022-07-14,12,1,121,6,bottom,0,0,1,9,49,0,0,0,0,1,0,0,WBCW,2,1,121,1,Oat/Rea/Radish,Corn,Cereal Rye,Shallow,9,1,2
2022-07-14,13,1,121,9,top,0,0,1,8,38,0,0,0,0,1,0,0,WBCW,2,1,121,1,Oat/Rea/Radish,Corn,Cereal Rye,Shallow,9,1,2
2022-07-14,14,1,121,9,top,0,0,1,10,56,1,1,0,2,1,0,0,WBCW,2,1,121,1,Oat/Rea/Radish,Corn,Cereal Rye,Shallow,9,1,2
2022-07-14,15,1,121,9,middle,0,0,1,8,55,0,0,0,0,1,0,0,WBCW,2,1,121,1,Oat/Rea/Radish,Corn,Cereal Rye,Shallow,9,1,2
2022-07-14,16,1,121,9,middle,0,0,1,9,86,3,0,0,1,1,0,0,WBCW,2,1,121,1,Oat/Rea/Radish,Corn,Cereal Rye,Shallow,9,1,2
2022-07-14,19,1,122,3,top,0,1,0,11,52,0,0,0,0,1,0,0,WBCW,2,1,122,2,Red Clover/ Cereal Rye,Corn,Annual Ryegrass/ Radish/ Crimson Clover,Standard,0,0,1
2022-07-14,20,1,122,3,top,0,1,0,9,38,0,0,0,0,1,0,0,WBCW,2,1,122,2,Red Clover/ Cereal Rye,Corn,Annual Ryegrass/ Radish/ Crimson Clover,Standard,0,0,1
2022-07-14,21,1,122,4,top,0,0,1,9,49,0,0,0,0,1,0,0,WBCW,2,1,122,2,Red Clover/ Cereal Rye,Corn,Annual Ryegrass/ Radish/ Crimson Clover,Standard,0,0,1
2022-07-14,22,1,122,3,middle,0,1,0,10,82,0,0,0,0,1,0,0,WBCW,2,1,122,2,Red Clover/ Cereal Rye,Corn,Annual Ryegrass/ Radish/ Crimson Clover,Standard,0,0,1
2022-07-14,24,1,122,3,middle,0,1,0,11,32,19,0,0,0,1,0,0,WBCW,2,1,122,2,Red Clover/ Cereal Rye,Corn,Annual Ryegrass/ Radish/ Crimson Clover,Standard,0,0,1
2022-07-14,25,1,122,3,middle,0,1,0,12,63,0,0,0,0,1,0,0,WBCW,2,1,122,2,Red Clover/ Cereal Rye,Corn,Annual Ryegrass/ Radish/ Crimson Clover,Standard,0,0,1
2022-07-14,26,1,122,3,bottom,0,1,0,8,85,23,0,0,0,1,0,0,WBCW,2,1,122,2,Red Clover/ Cereal Rye,Corn,Annual Ryegrass/ Radish/ Crimson Clover,Standard,0,0,1
2022-07-14,27,1,122,3,bottom,0,1,0,9,32,0,0,0,0,1,0,0,WBCW,2,1,122,2,Red Clover/ Cereal Rye,Corn,Annual Ryegrass/ Radish/ Crimson Clover,Standard,0,0,1
2022-07-14,29,1,122,8,top,0,0,1,9,44,0,0,0,0,1,0,0,WBCW,2,1,122,2,Red Clover/ Cereal Rye,Corn,Annual Ryegrass/ Radish/ Crimson Clover,Standard,0,0,1
2022-07-14,30,1,122,8,top,0,0,1,8,110,25,0,0,0,1,0,0,WBCW,2,1,122,2,Red Clover/ Cereal Rye,Corn,Annual Ryegrass/ Radish/ Crimson Clover,Standard,0,0,1
2022-07-14,31,1,122,8,middle,0,0,1,7,53,53,0,0,0,1,0,0,WBCW,2,1,122,2,Red Clover/ Cereal Rye,Corn,Annual Ryegrass/ Radish/ Crimson Clover,Standard,0,0,1
2022-07-14,33,1,122,7,bottom,0,0,1,9,52,0,2,49,0,1,0,0,WBCW,2,1,122,2,Red Clover/ Cereal Rye,Corn,Annual Ryegrass/ Radish/ Crimson Clover,Standard,0,0,1
2022-07-14,34,1,122,10,bottom,0,1,0,9,53,43,1,0,0,1,0,0,WBCW,2,1,122,2,Red Clover/ Cereal Rye,Corn,Annual Ryegrass/ Radish/ Crimson Clover,Standard,0,0,1
2022-07-14,35,1,122,10,middle,0,1,0,10,61,0,0,0,0,1,0,0,WBCW,2,1,122,2,Red Clover/ Cereal Rye,Corn,Annual Ryegrass/ Radish/ Crimson Clover,Standard,0,0,1
2022-07-14,37,1,122,11,top,0,1,0,9,46,2,0,0,1,1,0,0,WBCW,2,1,122,2,Red Clover/ Cereal Rye,Corn,Annual Ryegrass/ Radish/ Crimson Clover,Standard,0,0,1
2022-07-14,38,1,122,11,top,0,1,0,10,31,0,0,0,0,1,0,0,WBCW,2,1,122,2,Red Clover/ Cereal Rye,Corn,Annual Ryegrass/ Radish/ Crimson Clover,Standard,0,0,1
2022-07-14,39,1,122,11,top,0,1,0,8,48,48,0,0,0,1,0,0,WBCW,2,1,122,2,Red Clover/ Cereal Rye,Corn,Annual Ryegrass/ Radish/ Crimson Clover,Standard,0,0,1
2022-07-14,40,1,122,11,middle,0,1,0,8,85,26,0,0,1,1,0,0,WBCW,2,1,122,2,Red Clover/ Cereal Rye,Corn,Annual Ryegrass/ Radish/ Crimson Clover,Standard,0,0,1
2022-07-14,41,1,122,12,bottom,0,1,0,9,26,0,0,0,0,1,0,0,WBCW,2,1,122,2,Red Clover/ Cereal Rye,Corn,Annual Ryegrass/ Radish/ Crimson Clover,Standard,0,0,1
2022-07-14,42,1,122,11,bottom,0,1,0,11,64,0,0,0,0,1,0,0,WBCW,2,1,122,2,Red Clover/ Cereal Rye,Corn,Annual Ryegrass/ Radish/ Crimson Clover,Standard,0,0,1
2022-07-14,43,1,124,12,bottom,0,1,0,9,5,0,0,0,0,1,0,0,WBCW,2,1,124,3,Red Clover/ Cereal Rye,Corn,Cereal Rye,Reduced,9,2,2
2022-07-14,44,1,124,12,bottom,0,1,0,9,391,32,0,0,2,1,0,0,WBCW,2,1,124,3,Red Clover/ Cereal Rye,Corn,Cereal Rye,Reduced,9,2,2
2022-07-14,46,1,124,9,middle,0,0,1,10,63,3,0,0,0,1,0,0,WBCW,2,1,124,3,Red Clover/ Cereal Rye,Corn,Cereal Rye,Reduced,9,2,2
2022-07-14,47,1,124,9,middle,0,0,1,10,44,18,0,0,0,1,0,0,WBCW,2,1,124,3,Red Clover/ Cereal Rye,Corn,Cereal Rye,Reduced,9,2,2
2022-07-14,49,1,124,7,bottom,0,0,1,9,65,0,1,0,0,1,0,0,WBCW,2,1,124,3,Red Clover/ Cereal Rye,Corn,Cereal Rye,Reduced,9,2,2
2022-07-14,52,1,124,6,bottom,0,0,1,10,34,0,0,0,0,1,0,0,WBCW,2,1,124,3,Red Clover/ Cereal Rye,Corn,Cereal Rye,Reduced,9,2,2
2022-07-14,53,1,124,4,bottom,0,0,1,9,12,12,0,0,0,1,0,0,WBCW,2,1,124,3,Red Clover/ Cereal Rye,Corn,Cereal Rye,Reduced,9,2,2
2022-07-14,54,1,124,4,bottom,0,0,1,9,71,31,0,0,0,1,0,0,WBCW,2,1,124,3,Red Clover/ Cereal Rye,Corn,Cereal Rye,Reduced,9,2,2
2022-07-14,55,1,124,3,top,0,1,0,9,55,0,0,0,0,1,0,0,WBCW,2,1,124,3,Red Clover/ Cereal Rye,Corn,Cereal Rye,Reduced,9,2,2
2022-07-14,56,1,124,2,bottom,0,1,0,10,70,0,0,0,1,1,0,0,WBCW,2,1,124,3,Red Clover/ Cereal Rye,Corn,Cereal Rye,Reduced,9,2,2
2022-07-15,58,1,322,2,middle,0,1,0,10,45,0,0,0,0,1,0,0,WBCW,2,3,322,3,Red Clover/ Cereal Rye,Corn,Cereal Rye,Reduced,9,2,2
2022-07-15,59,1,322,3,middle,0,1,0,10,63,0,2,0,1,1,0,0,WBCW,2,3,322,3,Red Clover/ Cereal Rye,Corn,Cereal Rye,Reduced,9,2,2
2022-07-15,61,1,322,3,top,0,1,0,12,63,0,0,0,0,1,0,0,WBCW,2,3,322,3,Red Clover/ Cereal Rye,Corn,Cereal Rye,Reduced,9,2,2
2022-07-15,62,1,322,5,bottom,0,0,1,9,69,26,3,0,0,1,0,0,WBCW,2,3,322,3,Red Clover/ Cereal Rye,Corn,Cereal Rye,Reduced,9,2,2
2022-07-15,63,1,322,5,middle,0,0,1,9,63,0,0,0,0,1,0,0,WBCW,2,3,322,3,Red Clover/ Cereal Rye,Corn,Cereal Rye,Reduced,9,2,2
2022-07-15,64,1,322,5,middle,0,0,1,9,51,0,0,0,0,1,0,0,WBCW,2,3,322,3,Red Clover/ Cereal Rye,Corn,Cereal Rye,Reduced,9,2,2
2022-07-15,67,1,322,7,top,0,0,1,10,49,0,0,0,0,1,0,0,WBCW,2,3,322,3,Red Clover/ Cereal Rye,Corn,Cereal Rye,Reduced,9,2,2
2022-07-15,68,1,322,7,top,0,0,1,10,50,0,0,0,0,1,0,0,WBCW,2,3,322,3,Red Clover/ Cereal Rye,Corn,Cereal Rye,Reduced,9,2,2
2022-07-15,69,1,322,8,middle,0,0,1,10,14,0,0,0,0,1,0,0,WBCW,2,3,322,3,Red Clover/ Cereal Rye,Corn,Cereal Rye,Reduced,9,2,2
2022-07-15,71,1,322,12,top,0,1,0,8,56,41,0,0,0,1,0,0,WBCW,2,3,322,3,Red Clover/ Cereal Rye,Corn,Cereal Rye,Reduced,9,2,2
2022-07-15,72,1,322,12,middle,0,1,0,9,32,0,0,0,0,1,0,0,WBCW,2,3,322,3,Red Clover/ Cereal Rye,Corn,Cereal Rye,Reduced,9,2,2
2022-07-15,73,1,322,12,middle,0,1,0,9,29,2,1,0,0,1,0,0,WBCW,2,3,322,3,Red Clover/ Cereal Rye,Corn,Cereal Rye,Reduced,9,2,2
2022-07-15,74,1,322,12,middle,0,1,0,9,29,28,0,0,0,1,0,0,WBCW,2,3,322,3,Red Clover/ Cereal Rye,Corn,Cereal Rye,Reduced,9,2,2
2022-07-15,75,1,322,12,bottom,0,1,0,11,96,0,0,0,0,1,0,0,WBCW,2,3,322,3,Red Clover/ Cereal Rye,Corn,Cereal Rye,Reduced,9,2,2
2022-07-15,76,1,324,1,middle,0,1,0,10,25,0,0,0,0,1,0,0,WBCW,2,3,324,2,Red Clover/ Cereal Rye,Corn,Annual Ryegrass/ Radish/ Crimson Clover,Standard,9,2,2
2022-07-15,77,1,324,1,middle,0,1,0,10,39,0,1,0,0,1,0,0,WBCW,2,3,324,2,Red Clover/ Cereal Rye,Corn,Annual Ryegrass/ Radish/ Crimson Clover,Standard,9,2,2
2022-07-15,78,1,324,1,middle,0,1,0,9,68,0,0,0,0,1,0,0,WBCW,2,3,324,2,Red Clover/ Cereal Rye,Corn,Annual Ryegrass/ Radish/ Crimson Clover,Standard,9,2,2
2022-07-15,80,1,324,2,middle,0,1,0,8,73,0,0,0,0,1,0,0,WBCW,2,3,324,2,Red Clover/ Cereal Rye,Corn,Annual Ryegrass/ Radish/ Crimson Clover,Standard,9,2,2
2022-07-15,82,1,324,2,bottom,0,1,0,10,50,43,0,0,0,1,0,0,WBCW,2,3,324,2,Red Clover/ Cereal Rye,Corn,Annual Ryegrass/ Radish/ Crimson Clover,Standard,9,2,2
2022-07-15,83,1,324,2,bottom,0,1,0,9,100,0,0,0,4,1,0,0,WBCW,2,3,324,2,Red Clover/ Cereal Rye,Corn,Annual Ryegrass/ Radish/ Crimson Clover,Standard,9,2,2
2022-07-15,84,1,324,3,bottom,0,1,0,10,105,0,0,0,0,1,0,0,WBCW,2,3,324,2,Red Clover/ Cereal Rye,Corn,Annual Ryegrass/ Radish/ Crimson Clover,Standard,9,2,2
2022-07-15,85,1,324,3,bottom,0,1,0,8,85,0,0,58,0,1,0,0,WBCW,2,3,324,2,Red Clover/ Cereal Rye,Corn,Annual Ryegrass/ Radish/ Crimson Clover,Standard,9,2,2
2022-07-15,86,1,324,3,bottom,0,1,0,11,72,0,0,0,0,1,0,0,WBCW,2,3,324,2,Red Clover/ Cereal Rye,Corn,Annual Ryegrass/ Radish/ Crimson Clover,Standard,9,2,2
2022-07-15,87,1,324,3,top,0,1,0,8,114,0,0,0,0,1,0,0,WBCW,2,3,324,2,Red Clover/ Cereal Rye,Corn,Annual Ryegrass/ Radish/ Crimson Clover,Standard,9,2,2
2022-07-15,88,1,324,4,bottom,0,0,1,7,139,0,0,110,0,1,0,0,WBCW,2,3,324,2,Red Clover/ Cereal Rye,Corn,Annual Ryegrass/ Radish/ Crimson Clover,Standard,9,2,2
2022-07-15,89,1,324,5,bottom,0,0,1,8,77,1,0,0,0,1,0,0,WBCW,2,3,324,2,Red Clover/ Cereal Rye,Corn,Annual Ryegrass/ Radish/ Crimson Clover,Standard,9,2,2
2022-07-15,90,1,324,5,middle,0,0,1,8,73,0,0,0,0,1,0,0,WBCW,2,3,324,2,Red Clover/ Cereal Rye,Corn,Annual Ryegrass/ Radish/ Crimson Clover,Standard,9,2,2
2022-07-15,91,1,324,6,middle,0,0,1,9,65,2,0,0,0,1,0,0,WBCW,2,3,324,2,Red Clover/ Cereal Rye,Corn,Annual Ryegrass/ Radish/ Crimson Clover,Standard,9,2,2
2022-07-15,93,1,324,6,bottom,0,0,1,7,92,18,0,0,1,1,0,0,WBCW,2,3,324,2,Red Clover/ Cereal Rye,Corn,Annual Ryegrass/ Radish/ Crimson Clover,Standard,9,2,2
2022-07-15,94,1,324,11,middle,0,1,0,10,98,0,0,0,0,1,0,0,WBCW,2,3,324,2,Red Clover/ Cereal Rye,Corn,Annual Ryegrass/ Radish/ Crimson Clover,Standard,9,2,2
2022-07-15,95,1,324,11,middle,0,1,0,11,69,0,0,0,0,1,0,0,WBCW,2,3,324,2,Red Clover/ Cereal Rye,Corn,Annual Ryegrass/ Radish/ Crimson Clover,Standard,9,2,2
2022-07-15,96,1,324,12,middle,0,1,0,9,81,44,0,0,0,1,0,0,WBCW,2,3,324,2,Red Clover/ Cereal Rye,Corn,Annual Ryegrass/ Radish/ Crimson Clover,Standard,9,2,2
2022-07-15,99,1,323,3,top,0,1,0,10,35,0,0,0,0,1,0,0,WBCW,2,3,323,1,Oat/Rea/Radish,Corn,Cereal Rye,Shallow,9,1,2
2022-07-15,100,1,323,7,top,0,0,1,10,70,1,0,0,0,1,0,0,WBCW,2,3,323,1,Oat/Rea/Radish,Corn,Cereal Rye,Shallow,9,1,2
2022-07-15,102,1,323,7,bottom,0,0,1,10,14,0,0,0,0,1,0,0,WBCW,2,3,323,1,Oat/Rea/Radish,Corn,Cereal Rye,Shallow,9,1,2
2022-07-15,105,1,323,9,middle,0,0,1,9,92,0,0,0,0,1,0,0,WBCW,2,3,323,1,Oat/Rea/Radish,Corn,Cereal Rye,Shallow,9,1,2
2022-07-15,106,1,323,11,middle,0,1,0,9,26,0,0,0,0,1,0,0,WBCW,2,3,323,1,Oat/Rea/Radish,Corn,Cereal Rye,Shallow,9,1,2
2022-07-19,110,1,431,1,bottom,0,1,0,9,56,6,0,0,0,1,0,0,WBCW,2,4,431,3,Red Clover/ Cereal Rye,Corn,Cereal Rye,Reduced,9,2,2
2022-07-19,112,1,431,1,bottom,0,1,0,9,38,1,0,0,0,1,0,0,WBCW,2,4,431,3,Red Clover/ Cereal Rye,Corn,Cereal Rye,Reduced,9,2,2
2022-07-19,114,1,431,3,bottom,0,1,0,9,18,0,0,0,0,1,0,0,WBCW,2,4,431,3,Red Clover/ Cereal Rye,Corn,Cereal Rye,Reduced,9,2,2
2022-07-19,115,1,431,3,bottom,0,1,0,10,54,0,0,0,0,1,0,0,WBCW,2,4,431,3,Red Clover/ Cereal Rye,Corn,Cereal Rye,Reduced,9,2,2
2022-07-19,116,1,431,3,middle,0,1,0,12,111,0,0,0,0,1,0,0,WBCW,2,4,431,3,Red Clover/ Cereal Rye,Corn,Cereal Rye,Reduced,9,2,2
2022-07-19,117,1,431,4,top,0,0,1,11,48,10,0,0,4,1,0,0,WBCW,2,4,431,3,Red Clover/ Cereal Rye,Corn,Cereal Rye,Reduced,9,2,2
2022-07-19,118,1,431,6,middle,0,0,1,10,118,0,0,0,0,1,0,0,WBCW,2,4,431,3,Red Clover/ Cereal Rye,Corn,Cereal Rye,Reduced,9,2,2
2022-07-19,119,1,431,5,middle,0,0,1,9,45,45,0,0,0,1,0,0,WBCW,2,4,431,3,Red Clover/ Cereal Rye,Corn,Cereal Rye,Reduced,9,2,2
2022-07-19,120,1,431,6,middle,0,0,1,12,31,0,0,0,0,1,0,0,WBCW,2,4,431,3,Red Clover/ Cereal Rye,Corn,Cereal Rye,Reduced,9,2,2
2022-07-19,122,1,431,8,middle,0,0,1,10,26,0,0,0,0,1,0,0,WBCW,2,4,431,3,Red Clover/ Cereal Rye,Corn,Cereal Rye,Reduced,9,2,2
2022-07-19,123,1,431,9,top,0,0,1,11,33,2,0,0,5,1,0,0,WBCW,2,4,431,3,Red Clover/ Cereal Rye,Corn,Cereal Rye,Reduced,9,2,2
2022-07-19,124,1,431,10,top,0,1,0,12,92,0,0,0,2,1,0,0,WBCW,2,4,431,3,Red Clover/ Cereal Rye,Corn,Cereal Rye,Reduced,9,2,2
2022-07-19,125,1,431,10,top,0,1,0,12,44,1,0,0,3,1,0,0,WBCW,2,4,431,3,Red Clover/ Cereal Rye,Corn,Cereal Rye,Reduced,9,2,2
2022-07-19,127,1,431,10,middle,0,1,0,8,12,8,0,1,0,1,0,0,WBCW,2,4,431,3,Red Clover/ Cereal Rye,Corn,Cereal Rye,Reduced,9,2,2
2022-07-19,128,1,431,10,middle,0,1,0,10,35,0,0,0,2,1,0,0,WBCW,2,4,431,3,Red Clover/ Cereal Rye,Corn,Cereal Rye,Reduced,9,2,2
2022-07-19,129,1,431,11,bottom,0,1,0,8,37,0,0,0,0,1,0,0,WBCW,2,4,431,3,Red Clover/ Cereal Rye,Corn,Cereal Rye,Reduced,9,2,2
2022-07-19,130,1,431,11,bottom,0,1,0,10,39,0,0,0,0,1,0,0,WBCW,2,4,431,3,Red Clover/ Cereal Rye,Corn,Cereal Rye,Reduced,9,2,2
2022-07-19,132,1,431,12,middle,0,1,0,10,78,0,13,0,2,1,0,0,WBCW,2,4,431,3,Red Clover/ Cereal Rye,Corn,Cereal Rye,Reduced,9,2,2
2022-07-19,135,1,431,12,top,0,1,0,11,146,0,6,0,0,1,0,0,WBCW,2,4,431,3,Red Clover/ Cereal Rye,Corn,Cereal Rye,Reduced,9,2,2
2022-07-19,136,1,431,12,top,0,1,0,10,8,0,0,0,0,1,0,0,WBCW,2,4,431,3,Red Clover/ Cereal Rye,Corn,Cereal Rye,Reduced,9,2,2
2022-07-19,137,1,431,11,top,0,1,0,10,49,0,0,0,0,1,0,0,WBCW,2,4,431,3,Red Clover/ Cereal Rye,Corn,Cereal Rye,Reduced,9,2,2
2022-07-19,138,1,433,1,middle,0,1,0,8,24,24,0,0,0,1,0,0,WBCW,2,4,433,2,Red Clover/ Cereal Rye,Corn,Annual Ryegrass/ Radish/ Crimson Clover,Standard,9,2,2
2022-07-19,139,1,433,2,middle,0,1,0,9,58,0,0,0,0,1,0,0,WBCW,2,4,433,2,Red Clover/ Cereal Rye,Corn,Annual Ryegrass/ Radish/ Crimson Clover,Standard,9,2,2
2022-07-19,141,1,433,2,middle,0,1,0,8,30,0,0,0,0,1,0,0,WBCW,2,4,433,2,Red Clover/ Cereal Rye,Corn,Annual Ryegrass/ Radish/ Crimson Clover,Standard,9,2,2
2022-07-19,143,1,433,2,middle,0,1,0,9,31,0,0,0,0,1,0,0,WBCW,2,4,433,2,Red Clover/ Cereal Rye,Corn,Annual Ryegrass/ Radish/ Crimson Clover,Standard,9,2,2
2022-07-19,144,1,433,2,bottom,0,1,0,10,83,0,0,0,0,1,0,0,WBCW,2,4,433,2,Red Clover/ Cereal Rye,Corn,Annual Ryegrass/ Radish/ Crimson Clover,Standard,9,2,2
2022-07-19,146,1,433,1,bottom,0,1,0,10,35,4,0,0,1,1,0,0,WBCW,2,4,433,2,Red Clover/ Cereal Rye,Corn,Annual Ryegrass/ Radish/ Crimson Clover,Standard,9,2,2
2022-07-19,147,1,433,3,bottom,0,1,0,10,31,0,0,0,0,1,0,0,WBCW,2,4,433,2,Red Clover/ Cereal Rye,Corn,Annual Ryegrass/ Radish/ Crimson Clover,Standard,9,2,2
2022-07-19,148,1,433,4,middle,0,0,1,9,20,0,0,0,0,1,0,0,WBCW,2,4,433,2,Red Clover/ Cereal Rye,Corn,Annual Ryegrass/ Radish/ Crimson Clover,Standard,9,2,2
2022-07-19,149,1,433,4,middle,0,0,1,9,43,0,0,0,1,1,0,0,WBCW,2,4,433,2,Red Clover/ Cereal Rye,Corn,Annual Ryegrass/ Radish/ Crimson Clover,Standard,9,2,2
2022-07-19,150,1,433,3,top,0,1,0,10,78,2,0,0,0,1,0,0,WBCW,2,4,433,2,Red Clover/ Cereal Rye,Corn,Annual Ryegrass/ Radish/ Crimson Clover,Standard,9,2,2
2022-07-19,151,1,433,3,top,0,1,0,8,101,34,0,30,0,1,0,0,WBCW,2,4,433,2,Red Clover/ Cereal Rye,Corn,Annual Ryegrass/ Radish/ Crimson Clover,Standard,9,2,2
2022-07-19,152,1,433,5,top,0,0,1,8,18,0,0,0,0,1,0,0,WBCW,2,4,433,2,Red Clover/ Cereal Rye,Corn,Annual Ryegrass/ Radish/ Crimson Clover,Standard,9,2,2
2022-07-19,154,1,433,5,top,0,0,1,7,41,41,0,0,0,1,0,0,WBCW,2,4,433,2,Red Clover/ Cereal Rye,Corn,Annual Ryegrass/ Radish/ Crimson Clover,Standard,9,2,2
2022-07-19,155,1,433,5,top,0,0,1,5,55,55,0,0,0,1,0,0,WBCW,2,4,433,2,Red Clover/ Cereal Rye,Corn,Annual Ryegrass/ Radish/ Crimson Clover,Standard,9,2,2
2022-07-19,157,1,433,6,middle,0,0,1,8,53,0,0,0,0,1,0,0,WBCW,2,4,433,2,Red Clover/ Cereal Rye,Corn,Annual Ryegrass/ Radish/ Crimson Clover,Standard,9,2,2
2022-07-19,158,1,433,5,middle,0,0,1,8,134,0,1,37,0,1,0,0,WBCW,2,4,433,2,Red Clover/ Cereal Rye,Corn,Annual Ryegrass/ Radish/ Crimson Clover,Standard,9,2,2
2022-07-19,163,1,433,7,top,0,0,1,11,42,0,0,0,0,1,0,0,WBCW,2,4,433,2,Red Clover/ Cereal Rye,Corn,Annual Ryegrass/ Radish/ Crimson Clover,Standard,9,2,2
2022-07-19,164,1,433,9,top,0,0,1,7,120,0,0,0,0,1,0,0,WBCW,2,4,433,2,Red Clover/ Cereal Rye,Corn,Annual Ryegrass/ Radish/ Crimson Clover,Standard,9,2,2
2022-07-19,165,1,433,10,top,0,1,0,9,83,1,2,0,0,1,0,0,WBCW,2,4,433,2,Red Clover/ Cereal Rye,Corn,Annual Ryegrass/ Radish/ Crimson Clover,Standard,9,2,2
2022-07-19,166,1,433,9,top,0,0,1,11,44,11,0,0,4,1,0,0,WBCW,2,4,433,2,Red Clover/ Cereal Rye,Corn,Annual Ryegrass/ Radish/ Crimson Clover,Standard,9,2,2
2022-07-19,168,1,433,9,middle,0,0,1,7,52,52,0,0,0,1,0,0,WBCW,2,4,433,2,Red Clover/ Cereal Rye,Corn,Annual Ryegrass/ Radish/ Crimson Clover,Standard,9,2,2
2022-07-19,169,1,433,9,middle,0,0,1,9,52,2,2,0,0,1,0,0,WBCW,2,4,433,2,Red Clover/ Cereal Rye,Corn,Annual Ryegrass/ Radish/ Crimson Clover,Standard,9,2,2
2022-07-19,170,1,433,9,middle,0,0,1,9,59,0,0,59,0,1,0,0,WBCW,2,4,433,2,Red Clover/ Cereal Rye,Corn,Annual Ryegrass/ Radish/ Crimson Clover,Standard,9,2,2
2022-07-19,171,1,433,10,middle,0,1,0,7,33,33,0,0,0,1,0,0,WBCW,2,4,433,2,Red Clover/ Cereal Rye,Corn,Annual Ryegrass/ Radish/ Crimson Clover,Standard,9,2,2
2022-07-19,172,1,433,10,middle,0,1,0,8,49,0,0,0,9,1,0,0,WBCW,2,4,433,2,Red Clover/ Cereal Rye,Corn,Annual Ryegrass/ Radish/ Crimson Clover,Standard,9,2,2
2022-07-19,173,1,433,11,bottom,0,1,0,7,27,12,0,0,0,1,0,0,WBCW,2,4,433,2,Red Clover/ Cereal Rye,Corn,Annual Ryegrass/ Radish/ Crimson Clover,Standard,9,2,2
2022-07-19,174,1,433,12,top,0,1,0,9,81,0,0,81,0,1,0,0,WBCW,2,4,433,2,Red Clover/ Cereal Rye,Corn,Annual Ryegrass/ Radish/ Crimson Clover,Standard,9,2,2
2022-07-19,175,1,433,12,top,0,1,0,10,76,0,0,0,0,1,0,0,WBCW,2,4,433,2,Red Clover/ Cereal Rye,Corn,Annual Ryegrass/ Radish/ Crimson Clover,Standard,9,2,2
2022-07-19,177,1,432,2,middle,0,1,0,11,70,3,0,0,0,1,0,0,WBCW,2,4,432,1,Oat/Rea/Radish,Corn,Cereal Rye,Shallow,9,1,2
2022-07-19,178,1,432,2,middle,0,1,0,10,43,2,0,0,0,1,0,0,WBCW,2,4,432,1,Oat/Rea/Radish,Corn,Cereal Rye,Shallow,9,1,2
2022-07-19,179,1,432,2,top,0,1,0,10,56,0,0,0,0,1,0,0,WBCW,2,4,432,1,Oat/Rea/Radish,Corn,Cereal Rye,Shallow,9,1,2
2022-07-19,182,1,432,3,top,0,1,0,11,42,0,1,0,0,1,0,0,WBCW,2,4,432,1,Oat/Rea/Radish,Corn,Cereal Rye,Shallow,9,1,2
2022-07-19,183,1,432,3,middle,0,1,0,9,52,1,0,0,0,1,0,0,WBCW,2,4,432,1,Oat/Rea/Radish,Corn,Cereal Rye,Shallow,9,1,2
2022-07-19,184,1,432,5,middle,0,0,1,9,86,0,2,0,0,1,0,0,WBCW,2,4,432,1,Oat/Rea/Radish,Corn,Cereal Rye,Shallow,9,1,2
2022-07-19,191,1,432,11,bottom,0,1,0,7,52,3,1,0,1,1,0,0,WBCW,2,4,432,1,Oat/Rea/Radish,Corn,Cereal Rye,Shallow,9,1,2
2022-07-20,192,1,221,1,middle,0,1,0,11,80,2,0,0,0,1,0,0,WBCW,2,2,221,1,Oat/Rea/Radish,Corn,Cereal Rye,Shallow,9,1,2
2022-07-20,194,1,221,1,middle,0,1,0,7,51,0,0,0,1,0,1,0,WBCW,2,2,221,1,Oat/Rea/Radish,Corn,Cereal Rye,Shallow,9,1,2
2022-07-20,195,1,221,1,bottom,0,1,0,10,70,0,0,0,0,1,0,0,WBCW,2,2,221,1,Oat/Rea/Radish,Corn,Cereal Rye,Shallow,9,1,2
2022-07-20,196,1,221,1,bottom,0,1,0,9,140,0,0,0,0,1,0,0,WBCW,2,2,221,1,Oat/Rea/Radish,Corn,Cereal Rye,Shallow,9,1,2
2022-07-20,197,1,221,1,bottom,0,1,0,11,51,0,0,0,0,1,0,0,WBCW,2,2,221,1,Oat/Rea/Radish,Corn,Cereal Rye,Shallow,9,1,2
2022-07-20,198,1,221,1,bottom,0,1,0,10,113,0,0,0,0,1,0,0,WBCW,2,2,221,1,Oat/Rea/Radish,Corn,Cereal Rye,Shallow,9,1,2
2022-07-20,199,1,221,2,bottom,0,1,0,8,109,0,0,0,1,1,0,0,WBCW,2,2,221,1,Oat/Rea/Radish,Corn,Cereal Rye,Shallow,9,1,2
2022-07-20,201,1,221,4,bottom,0,0,1,11,96,2,0,0,0,1,0,0,WBCW,2,2,221,1,Oat/Rea/Radish,Corn,Cereal Rye,Shallow,9,1,2
2022-07-20,202,1,221,4,middle,0,0,1,12,52,0,0,0,0,1,0,0,WBCW,2,2,221,1,Oat/Rea/Radish,Corn,Cereal Rye,Shallow,9,1,2
2022-07-20,203,1,221,4,middle,0,0,1,10,70,25,0,0,6,1,0,0,WBCW,2,2,221,1,Oat/Rea/Radish,Corn,Cereal Rye,Shallow,9,1,2
2022-07-20,205,1,221,5,top,0,0,1,9,27,27,0,0,0,1,0,0,WBCW,2,2,221,1,Oat/Rea/Radish,Corn,Cereal Rye,Shallow,9,1,2
2022-07-20,206,1,221,5,middle,0,0,1,12,38,0,0,0,0,1,0,0,WBCW,2,2,221,1,Oat/Rea/Radish,Corn,Cereal Rye,Shallow,9,1,2
2022-07-20,208,1,221,5,middle,0,0,1,7,94,94,0,0,0,1,0,0,WBCW,2,2,221,1,Oat/Rea/Radish,Corn,Cereal Rye,Shallow,9,1,2
2022-07-20,210,1,221,5,bottom,0,0,1,11,5,0,0,0,0,1,0,0,WBCW,2,2,221,1,Oat/Rea/Radish,Corn,Cereal Rye,Shallow,9,1,2
2022-07-20,211,1,221,5,bottom,0,0,1,9,44,6,0,0,3,1,0,0,WBCW,2,2,221,1,Oat/Rea/Radish,Corn,Cereal Rye,Shallow,9,1,2
2022-07-20,212,1,221,5,bottom,0,0,1,9,38,0,1,0,0,1,0,0,WBCW,2,2,221,1,Oat/Rea/Radish,Corn,Cereal Rye,Shallow,9,1,2
2022-07-20,213,1,221,5,bottom,0,0,1,9,65,0,0,0,1,1,0,0,WBCW,2,2,221,1,Oat/Rea/Radish,Corn,Cereal Rye,Shallow,9,1,2
2022-07-20,214,1,221,6,top,0,0,1,11,21,11,0,0,0,1,0,0,WBCW,2,2,221,1,Oat/Rea/Radish,Corn,Cereal Rye,Shallow,9,1,2
2022-07-20,215,1,221,9,top,0,0,1,10,113,0,0,0,0,1,0,0,WBCW,2,2,221,1,Oat/Rea/Radish,Corn,Cereal Rye,Shallow,9,1,2
2022-07-20,216,1,221,9,middle,0,0,1,9,67,1,0,0,0,1,0,0,WBCW,2,2,221,1,Oat/Rea/Radish,Corn,Cereal Rye,Shallow,9,1,2
2022-07-20,217,1,221,9,middle,0,0,1,9,101,0,0,0,1,1,0,0,WBCW,2,2,221,1,Oat/Rea/Radish,Corn,Cereal Rye,Shallow,9,1,2
2022-07-20,218,1,221,9,middle,0,0,1,10,46,0,1,0,0,1,0,0,WBCW,2,2,221,1,Oat/Rea/Radish,Corn,Cereal Rye,Shallow,9,1,2
2022-07-20,219,1,221,11,bottom,0,1,0,11,84,0,0,0,0,1,0,0,WBCW,2,2,221,1,Oat/Rea/Radish,Corn,Cereal Rye,Shallow,9,1,2
2022-07-20,221,1,222,12,middle,0,1,0,11,19,1,0,0,0,1,0,0,WBCW,2,2,222,3,Red Clover/ Cereal Rye,Corn,Cereal Rye,Reduced,9,2,2
2022-07-20,224,1,222,1,top,0,1,0,11,55,2,0,0,0,1,0,0,WBCW,2,2,222,3,Red Clover/ Cereal Rye,Corn,Cereal Rye,Reduced,9,2,2
2022-07-20,225,1,222,2,middle,0,1,0,10,47,47,0,0,0,1,0,0,WBCW,2,2,222,3,Red Clover/ Cereal Rye,Corn,Cereal Rye,Reduced,9,2,2
2022-07-20,226,1,222,2,bottom,0,1,0,10,38,2,0,0,0,1,0,0,WBCW,2,2,222,3,Red Clover/ Cereal Rye,Corn,Cereal Rye,Reduced,9,2,2
2022-07-20,227,1,222,3,middle,0,1,0,9,50,0,0,0,0,1,0,0,WBCW,2,2,222,3,Red Clover/ Cereal Rye,Corn,Cereal Rye,Reduced,9,2,2
2022-07-20,228,1,222,3,top,0,1,0,9,90,40,0,0,4,1,0,0,WBCW,2,2,222,3,Red Clover/ Cereal Rye,Corn,Cereal Rye,Reduced,9,2,2
2022-07-20,229,1,222,4,middle,0,0,1,10,61,0,1,0,1,1,0,0,WBCW,2,2,222,3,Red Clover/ Cereal Rye,Corn,Cereal Rye,Reduced,9,2,2
2022-07-20,232,1,222,5,bottom,0,0,1,10,28,1,2,0,0,1,0,0,WBCW,2,2,222,3,Red Clover/ Cereal Rye,Corn,Cereal Rye,Reduced,9,2,2
2022-07-20,233,1,222,5,bottom,0,0,1,12,33,1,2,0,0,1,0,0,WBCW,2,2,222,3,Red Clover/ Cereal Rye,Corn,Cereal Rye,Reduced,9,2,2
2022-07-20,234,1,222,5,bottom,0,0,1,9,110,0,0,0,3,1,0,0,WBCW,2,2,222,3,Red Clover/ Cereal Rye,Corn,Cereal Rye,Reduced,9,2,2
2022-07-20,235,1,222,5,bottom,0,0,1,9,111,111,0,0,0,1,0,0,WBCW,2,2,222,3,Red Clover/ Cereal Rye,Corn,Cereal Rye,Reduced,9,2,2
2022-07-20,236,1,222,5,bottom,0,0,1,11,20,3,2,0,0,1,0,0,WBCW,2,2,222,3,Red Clover/ Cereal Rye,Corn,Cereal Rye,Reduced,9,2,2
2022-07-20,237,1,222,5,middle,0,0,1,9,24,0,0,0,0,1,0,0,WBCW,2,2,222,3,Red Clover/ Cereal Rye,Corn,Cereal Rye,Reduced,9,2,2
2022-07-20,238,1,222,5,middle,0,0,1,8,41,41,0,0,0,1,0,0,WBCW,2,2,222,3,Red Clover/ Cereal Rye,Corn,Cereal Rye,Reduced,9,2,2
2022-07-20,239,1,222,6,middle,0,0,1,9,37,0,2,0,0,1,0,0,WBCW,2,2,222,3,Red Clover/ Cereal Rye,Corn,Cereal Rye,Reduced,9,2,2
2022-07-20,240,1,222,6,middle,0,0,1,9,97,0,0,0,0,1,0,0,WBCW,2,2,222,3,Red Clover/ Cereal Rye,Corn,Cereal Rye,Reduced,9,2,2
2022-07-20,241,1,222,6,middle,0,0,1,11,66,0,0,0,0,1,0,0,WBCW,2,2,222,3,Red Clover/ Cereal Rye,Corn,Cereal Rye,Reduced,9,2,2
2022-07-20,242,1,222,6,middle,0,0,1,11,15,0,0,0,0,1,0,0,WBCW,2,2,222,3,Red Clover/ Cereal Rye,Corn,Cereal Rye,Reduced,9,2,2
2022-07-20,243,1,222,7,bottom,0,0,1,9,52,0,0,0,2,1,0,0,WBCW,2,2,222,3,Red Clover/ Cereal Rye,Corn,Cereal Rye,Reduced,9,2,2
2022-07-20,245,1,222,7,bottom,0,0,1,9,28,0,0,0,0,1,0,0,WBCW,2,2,222,3,Red Clover/ Cereal Rye,Corn,Cereal Rye,Reduced,9,2,2
2022-07-20,246,1,222,7,bottom,0,0,1,12,35,0,1,0,0,1,0,0,WBCW,2,2,222,3,Red Clover/ Cereal Rye,Corn,Cereal Rye,Reduced,9,2,2
2022-07-20,247,1,222,7,middle,0,0,1,10,88,0,3,0,0,1,0,0,WBCW,2,2,222,3,Red Clover/ Cereal Rye,Corn,Cereal Rye,Reduced,9,2,2
2022-07-20,248,1,222,7,middle,0,0,1,11,47,0,2,0,0,1,0,0,WBCW,2,2,222,3,Red Clover/ Cereal Rye,Corn,Cereal Rye,Reduced,9,2,2
2022-07-20,251,1,222,8,middle,0,0,1,10,31,0,1,15,0,1,0,0,WBCW,2,2,222,3,Red Clover/ Cereal Rye,Corn,Cereal Rye,Reduced,9,2,2
2022-07-20,252,1,222,8,middle,0,0,1,8,53,53,0,0,0,1,0,0,WBCW,2,2,222,3,Red Clover/ Cereal Rye,Corn,Cereal Rye,Reduced,9,2,2
2022-07-20,253,1,222,8,bottom,0,0,1,8,11,8,0,0,0,1,0,0,WBCW,2,2,222,3,Red Clover/ Cereal Rye,Corn,Cereal Rye,Reduced,9,2,2
2022-07-20,254,1,222,8,bottom,0,0,1,8,57,55,0,0,0,1,0,0,WBCW,2,2,222,3,Red Clover/ Cereal Rye,Corn,Cereal Rye,Reduced,9,2,2
2022-07-20,257,1,222,10,middle,0,1,0,9,6,0,0,0,0,1,0,0,WBCW,2,2,222,3,Red Clover/ Cereal Rye,Corn,Cereal Rye,Reduced,9,2,2
2022-07-20,258,1,222,10,middle,0,1,0,9,60,59,1,0,0,1,0,0,WBCW,2,2,222,3,Red Clover/ Cereal Rye,Corn,Cereal Rye,Reduced,9,2,2
2022-07-20,259,1,222,10,bottom,0,1,0,12,35,13,1,0,0,1,0,0,WBCW,2,2,222,3,Red Clover/ Cereal Rye,Corn,Cereal Rye,Reduced,9,2,2
2022-07-20,261,1,222,10,bottom,0,1,0,10,49,0,2,0,0,1,0,0,WBCW,2,2,222,3,Red Clover/ Cereal Rye,Corn,Cereal Rye,Reduced,9,2,2
2022-07-20,262,1,222,10,bottom,0,1,0,10,54,0,4,0,0,1,0,0,WBCW,2,2,222,3,Red Clover/ Cereal Rye,Corn,Cereal Rye,Reduced,9,2,2
2022-07-20,263,1,222,11,middle,0,1,0,11,121,0,0,0,0,1,0,0,WBCW,2,2,222,3,Red Clover/ Cereal Rye,Corn,Cereal Rye,Reduced,9,2,2
2022-07-20,264,1,222,11,top,0,1,0,8,32,0,0,0,0,1,0,0,WBCW,2,2,222,3,Red Clover/ Cereal Rye,Corn,Cereal Rye,Reduced,9,2,2
2022-07-20,265,1,224,1,bottom,0,1,0,10,26,26,0,0,0,1,0,0,WBCW,2,2,224,2,Red Clover/ Cereal Rye,Corn,Annual Ryegrass/ Radish/ Crimson Clover,Standard,9,2,2
2022-07-20,267,1,224,1,top,0,1,0,9,39,0,0,39,0,1,0,0,WBCW,2,2,224,2,Red Clover/ Cereal Rye,Corn,Annual Ryegrass/ Radish/ Crimson Clover,Standard,9,2,2
2022-07-20,268,1,224,1,top,0,1,0,8,74,74,0,0,0,1,0,0,WBCW,2,2,224,2,Red Clover/ Cereal Rye,Corn,Annual Ryegrass/ Radish/ Crimson Clover,Standard,9,2,2
2022-07-20,269,1,224,2,top,0,1,0,11,59,0,0,0,0,1,0,0,WBCW,2,2,224,2,Red Clover/ Cereal Rye,Corn,Annual Ryegrass/ Radish/ Crimson Clover,Standard,9,2,2
2022-07-20,270,1,224,2,top,0,1,0,10,46,0,0,0,0,1,0,0,WBCW,2,2,224,2,Red Clover/ Cereal Rye,Corn,Annual Ryegrass/ Radish/ Crimson Clover,Standard,9,2,2
2022-07-20,271,1,224,3,middle,0,1,0,10,45,0,0,45,0,1,0,0,WBCW,2,2,224,2,Red Clover/ Cereal Rye,Corn,Annual Ryegrass/ Radish/ Crimson Clover,Standard,9,2,2
2022-07-20,272,1,224,3,middle,0,1,0,9,104,8,0,37,0,1,0,0,WBCW,2,2,224,2,Red Clover/ Cereal Rye,Corn,Annual Ryegrass/ Radish/ Crimson Clover,Standard,9,2,2
2022-07-20,273,1,224,4,bottom,0,0,1,10,22,0,0,0,0,1,0,0,WBCW,2,2,224,2,Red Clover/ Cereal Rye,Corn,Annual Ryegrass/ Radish/ Crimson Clover,Standard,9,2,2
2022-07-20,274,1,224,6,middle,0,0,1,11,38,0,0,0,0,1,0,0,WBCW,2,2,224,2,Red Clover/ Cereal Rye,Corn,Annual Ryegrass/ Radish/ Crimson Clover,Standard,9,2,2
2022-07-20,278,1,224,8,middle,0,0,1,8,148,5,0,0,0,1,0,0,WBCW,2,2,224,2,Red Clover/ Cereal Rye,Corn,Annual Ryegrass/ Radish/ Crimson Clover,Standard,9,2,2
2022-07-26,3,2,121,3,middle,0,1,0,9,55,0,0,55,0,1,0,0,WBCW,2,1,121,1,Oat/Rea/Radish,Corn,Cereal Rye,Shallow,9,1,2
2022-07-26,5,2,121,3,top,0,1,0,9,132,132,0,0,0,1,0,0,WBCW,2,1,121,1,Oat/Rea/Radish,Corn,Cereal Rye,Shallow,9,1,2
2022-07-26,6,2,121,3,top,0,1,0,9,127,0,0,127,0,1,0,0,WBCW,2,1,121,1,Oat/Rea/Radish,Corn,Cereal Rye,Shallow,9,1,2
2022-07-26,7,2,121,4,top,0,0,1,7,14,0,0,0,0,1,0,0,WBCW,2,1,121,1,Oat/Rea/Radish,Corn,Cereal Rye,Shallow,9,1,2
2022-07-26,8,2,121,5,top,0,0,1,9,114,11,0,103,0,1,0,0,WBCW,2,1,121,1,Oat/Rea/Radish,Corn,Cereal Rye,Shallow,9,1,2
2022-07-26,9,2,121,5,top,0,0,1,8,68,68,0,0,0,1,0,0,WBCW,2,1,121,1,Oat/Rea/Radish,Corn,Cereal Rye,Shallow,9,1,2
2022-07-26,10,2,121,5,middle,0,0,1,7,98,24,0,74,0,1,0,0,WBCW,2,1,121,1,Oat/Rea/Radish,Corn,Cereal Rye,Shallow,9,1,2
2022-07-26,11,2,121,5,bottom,0,0,1,9,147,0,0,147,0,1,0,0,WBCW,2,1,121,1,Oat/Rea/Radish,Corn,Cereal Rye,Shallow,9,1,2
2022-07-26,12,2,121,6,bottom,0,0,1,9,49,0,0,49,0,1,0,0,WBCW,2,1,121,1,Oat/Rea/Radish,Corn,Cereal Rye,Shallow,9,1,2
2022-07-26,13,2,121,9,top,0,0,1,8,38,5,8,13,0,1,0,0,WBCW,2,1,121,1,Oat/Rea/Radish,Corn,Cereal Rye,Shallow,9,1,2
2022-07-26,14,2,121,9,top,0,0,1,10,56,7,0,49,0,1,0,0,WBCW,2,1,121,1,Oat/Rea/Radish,Corn,Cereal Rye,Shallow,9,1,2
2022-07-26,15,2,121,9,middle,0,0,1,8,55,0,0,55,0,1,0,0,WBCW,2,1,121,1,Oat/Rea/Radish,Corn,Cereal Rye,Shallow,9,1,2
2022-07-26,16,2,121,9,middle,0,0,1,9,86,0,2,84,0,1,0,0,WBCW,2,1,121,1,Oat/Rea/Radish,Corn,Cereal Rye,Shallow,9,1,2
2022-07-26,19,2,122,3,top,0,1,0,11,52,0,2,50,0,1,0,0,WBCW,2,1,122,2,Red Clover/ Cereal Rye,Corn,Annual Ryegrass/ Radish/ Crimson Clover,Standard,0,0,1
2022-07-26,20,2,122,3,top,0,1,0,9,38,0,0,38,0,1,0,0,WBCW,2,1,122,2,Red Clover/ Cereal Rye,Corn,Annual Ryegrass/ Radish/ Crimson Clover,Standard,0,0,1
2022-07-26,21,2,122,4,top,0,0,1,9,49,11,0,38,0,1,0,0,WBCW,2,1,122,2,Red Clover/ Cereal Rye,Corn,Annual Ryegrass/ Radish/ Crimson Clover,Standard,0,0,1
2022-07-26,24,2,122,3,middle,0,1,0,11,32,19,0,23,0,1,0,0,WBCW,2,1,122,2,Red Clover/ Cereal Rye,Corn,Annual Ryegrass/ Radish/ Crimson Clover,Standard,0,0,1
2022-07-26,25,2,122,3,middle,0,1,0,12,63,12,0,51,0,1,0,0,WBCW,2,1,122,2,Red Clover/ Cereal Rye,Corn,Annual Ryegrass/ Radish/ Crimson Clover,Standard,0,0,1
2022-07-26,26,2,122,3,bottom,0,1,0,8,85,0,2,83,0,1,0,0,WBCW,2,1,122,2,Red Clover/ Cereal Rye,Corn,Annual Ryegrass/ Radish/ Crimson Clover,Standard,0,0,1
2022-07-26,27,2,122,3,bottom,0,1,0,9,32,0,0,32,0,1,0,0,WBCW,2,1,122,2,Red Clover/ Cereal Rye,Corn,Annual Ryegrass/ Radish/ Crimson Clover,Standard,0,0,1
2022-07-26,29,2,122,8,top,0,0,1,9,44,0,0,44,0,1,0,0,WBCW,2,1,122,2,Red Clover/ Cereal Rye,Corn,Annual Ryegrass/ Radish/ Crimson Clover,Standard,0,0,1
2022-07-26,31,2,122,8,middle,0,0,1,7,53,48,0,5,0,1,0,0,WBCW,2,1,122,2,Red Clover/ Cereal Rye,Corn,Annual Ryegrass/ Radish/ Crimson Clover,Standard,0,0,1
2022-07-26,33,2,122,7,bottom,0,0,1,9,52,0,0,52,0,1,0,0,WBCW,2,1,122,2,Red Clover/ Cereal Rye,Corn,Annual Ryegrass/ Radish/ Crimson Clover,Standard,0,0,1
2022-07-26,35,2,122,10,middle,0,1,0,10,61,0,0,61,0,1,0,0,WBCW,2,1,122,2,Red Clover/ Cereal Rye,Corn,Annual Ryegrass/ Radish/ Crimson Clover,Standard,0,0,1
2022-07-26,37,2,122,11,top,0,1,0,9,46,0,0,46,0,1,0,0,WBCW,2,1,122,2,Red Clover/ Cereal Rye,Corn,Annual Ryegrass/ Radish/ Crimson Clover,Standard,0,0,1
2022-07-26,38,2,122,11,top,0,1,0,10,31,31,0,0,0,1,0,0,WBCW,2,1,122,2,Red Clover/ Cereal Rye,Corn,Annual Ryegrass/ Radish/ Crimson Clover,Standard,0,0,1
2022-07-26,39,2,122,11,top,0,1,0,8,48,0,0,48,0,1,0,0,WBCW,2,1,122,2,Red Clover/ Cereal Rye,Corn,Annual Ryegrass/ Radish/ Crimson Clover,Standard,0,0,1
2022-07-26,40,2,122,11,middle,0,1,0,8,85,85,0,0,0,1,0,0,WBCW,2,1,122,2,Red Clover/ Cereal Rye,Corn,Annual Ryegrass/ Radish/ Crimson Clover,Standard,0,0,1
2022-07-26,41,2,122,12,bottom,0,1,0,9,26,12,0,14,0,1,0,0,WBCW,2,1,122,2,Red Clover/ Cereal Rye,Corn,Annual Ryegrass/ Radish/ Crimson Clover,Standard,0,0,1
2022-07-26,42,2,122,11,bottom,0,1,0,11,64,0,0,64,0,1,0,0,WBCW,2,1,122,2,Red Clover/ Cereal Rye,Corn,Annual Ryegrass/ Radish/ Crimson Clover,Standard,0,0,1
2022-07-26,44,2,124,12,bottom,0,1,0,9,391,4,0,387,0,1,0,0,WBCW,2,1,124,3,Red Clover/ Cereal Rye,Corn,Cereal Rye,Reduced,9,2,2
2022-07-26,46,2,124,9,middle,0,0,1,10,63,30,0,33,2,1,0,0,WBCW,2,1,124,3,Red Clover/ Cereal Rye,Corn,Cereal Rye,Reduced,9,2,2
2022-07-26,47,2,124,9,middle,0,0,1,10,44,38,0,6,0,1,0,0,WBCW,2,1,124,3,Red Clover/ Cereal Rye,Corn,Cereal Rye,Reduced,9,2,2
2022-07-26,49,2,124,7,bottom,0,0,1,9,65,0,0,65,0,1,0,0,WBCW,2,1,124,3,Red Clover/ Cereal Rye,Corn,Cereal Rye,Reduced,9,2,2
2022-07-26,52,2,124,6,bottom,0,0,1,10,34,0,2,32,0,1,0,0,WBCW,2,1,124,3,Red Clover/ Cereal Rye,Corn,Cereal Rye,Reduced,9,2,2
2022-07-26,56,2,124,2,bottom,0,1,0,10,70,70,0,0,0,1,0,0,WBCW,2,1,124,3,Red Clover/ Cereal Rye,Corn,Cereal Rye,Reduced,9,2,2
2022-07-26,58,2,322,2,middle,0,1,0,10,45,0,0,45,0,1,0,0,WBCW,2,3,322,3,Red Clover/ Cereal Rye,Corn,Cereal Rye,Reduced,9,2,2
2022-07-26,59,2,322,3,middle,0,1,0,10,63,0,0,63,0,1,0,0,WBCW,2,3,322,3,Red Clover/ Cereal Rye,Corn,Cereal Rye,Reduced,9,2,2
2022-07-26,61,2,322,3,top,0,1,0,12,63,0,0,63,0,1,0,0,WBCW,2,3,322,3,Red Clover/ Cereal Rye,Corn,Cereal Rye,Reduced,9,2,2
2022-07-26,62,2,322,5,bottom,0,0,1,9,69,69,0,0,0,1,0,0,WBCW,2,3,322,3,Red Clover/ Cereal Rye,Corn,Cereal Rye,Reduced,9,2,2
2022-07-26,63,2,322,5,middle,0,0,1,9,63,0,0,63,0,1,0,0,WBCW,2,3,322,3,Red Clover/ Cereal Rye,Corn,Cereal Rye,Reduced,9,2,2
2022-07-26,64,2,322,5,middle,0,0,1,9,51,0,0,51,0,1,0,0,WBCW,2,3,322,3,Red Clover/ Cereal Rye,Corn,Cereal Rye,Reduced,9,2,2
2022-07-26,67,2,322,7,top,0,0,1,10,49,0,1,48,1,1,0,0,WBCW,2,3,322,3,Red Clover/ Cereal Rye,Corn,Cereal Rye,Reduced,9,2,2
2022-07-26,68,2,322,7,top,0,0,1,10,50,0,0,50,0,1,0,0,WBCW,2,3,322,3,Red Clover/ Cereal Rye,Corn,Cereal Rye,Reduced,9,2,2
2022-07-26,69,2,322,8,middle,0,0,1,10,14,1,0,13,0,1,0,0,WBCW,2,3,322,3,Red Clover/ Cereal Rye,Corn,Cereal Rye,Reduced,9,2,2
2022-07-26,71,2,322,12,top,0,1,0,8,56,0,0,56,0,1,0,0,WBCW,2,3,322,3,Red Clover/ Cereal Rye,Corn,Cereal Rye,Reduced,9,2,2
2022-07-26,72,2,322,12,middle,0,1,0,9,32,0,0,32,0,1,0,0,WBCW,2,3,322,3,Red Clover/ Cereal Rye,Corn,Cereal Rye,Reduced,9,2,2
2022-07-26,73,2,322,12,middle,0,1,0,9,29,0,0,29,0,1,0,0,WBCW,2,3,322,3,Red Clover/ Cereal Rye,Corn,Cereal Rye,Reduced,9,2,2
2022-07-26,75,2,322,12,bottom,0,1,0,11,96,9,0,90,2,1,0,0,WBCW,2,3,322,3,Red Clover/ Cereal Rye,Corn,Cereal Rye,Reduced,9,2,2
2022-07-26,76,2,324,1,middle,0,1,0,10,25,3,0,22,0,1,0,0,WBCW,2,3,324,2,Red Clover/ Cereal Rye,Corn,Annual Ryegrass/ Radish/ Crimson Clover,Standard,9,2,2
2022-07-26,77,2,324,1,middle,0,1,0,10,39,0,0,39,0,1,0,0,WBCW,2,3,324,2,Red Clover/ Cereal Rye,Corn,Annual Ryegrass/ Radish/ Crimson Clover,Standard,9,2,2
2022-07-26,78,2,324,1,middle,0,1,0,9,68,0,1,67,0,1,0,0,WBCW,2,3,324,2,Red Clover/ Cereal Rye,Corn,Annual Ryegrass/ Radish/ Crimson Clover,Standard,9,2,2
2022-07-26,80,2,324,2,middle,0,1,0,8,73,0,0,70,0,1,0,0,WBCW,2,3,324,2,Red Clover/ Cereal Rye,Corn,Annual Ryegrass/ Radish/ Crimson Clover,Standard,9,2,2
2022-07-26,82,2,324,2,bottom,0,1,0,10,50,45,0,0,0,1,0,0,WBCW,2,3,324,2,Red Clover/ Cereal Rye,Corn,Annual Ryegrass/ Radish/ Crimson Clover,Standard,9,2,2
2022-07-26,83,2,324,2,bottom,0,1,0,9,100,5,0,95,0,1,0,0,WBCW,2,3,324,2,Red Clover/ Cereal Rye,Corn,Annual Ryegrass/ Radish/ Crimson Clover,Standard,9,2,2
2022-07-26,84,2,324,3,bottom,0,1,0,10,105,0,0,105,0,1,0,0,WBCW,2,3,324,2,Red Clover/ Cereal Rye,Corn,Annual Ryegrass/ Radish/ Crimson Clover,Standard,9,2,2
2022-07-26,85,2,324,3,bottom,0,1,0,8,85,0,0,85,0,1,0,0,WBCW,2,3,324,2,Red Clover/ Cereal Rye,Corn,Annual Ryegrass/ Radish/ Crimson Clover,Standard,9,2,2
2022-07-26,86,2,324,3,bottom,0,1,0,11,72,72,0,0,0,1,0,0,WBCW,2,3,324,2,Red Clover/ Cereal Rye,Corn,Annual Ryegrass/ Radish/ Crimson Clover,Standard,9,2,2
2022-07-26,88,2,324,4,bottom,0,0,1,7,139,0,0,139,0,1,0,0,WBCW,2,3,324,2,Red Clover/ Cereal Rye,Corn,Annual Ryegrass/ Radish/ Crimson Clover,Standard,9,2,2
2022-07-26,89,2,324,5,bottom,0,0,1,8,77,0,1,76,0,1,0,0,WBCW,2,3,324,2,Red Clover/ Cereal Rye,Corn,Annual Ryegrass/ Radish/ Crimson Clover,Standard,9,2,2
2022-07-26,91,2,324,6,middle,0,0,1,9,65,0,0,65,0,1,0,0,WBCW,2,3,324,2,Red Clover/ Cereal Rye,Corn,Annual Ryegrass/ Radish/ Crimson Clover,Standard,9,2,2
2022-07-26,93,2,324,6,bottom,0,0,1,7,92,5,0,87,0,1,0,0,WBCW,2,3,324,2,Red Clover/ Cereal Rye,Corn,Annual Ryegrass/ Radish/ Crimson Clover,Standard,9,2,2
2022-07-26,94,2,324,11,middle,0,1,0,10,98,97,1,0,0,1,0,0,WBCW,2,3,324,2,Red Clover/ Cereal Rye,Corn,Annual Ryegrass/ Radish/ Crimson Clover,Standard,9,2,2
2022-07-26,95,2,324,11,middle,0,1,0,11,69,0,0,69,0,1,0,0,WBCW,2,3,324,2,Red Clover/ Cereal Rye,Corn,Annual Ryegrass/ Radish/ Crimson Clover,Standard,9,2,2
2022-07-26,96,2,324,12,middle,0,1,0,9,81,80,0,0,1,1,0,0,WBCW,2,3,324,2,Red Clover/ Cereal Rye,Corn,Annual Ryegrass/ Radish/ Crimson Clover,Standard,9,2,2
2022-07-26,99,2,323,3,top,0,1,0,10,35,0,0,35,0,1,0,0,WBCW,2,3,323,1,Oat/Rea/Radish,Corn,Cereal Rye,Shallow,9,1,2
2022-07-26,100,2,323,7,top,0,0,1,10,70,15,0,55,0,1,0,0,WBCW,2,3,323,1,Oat/Rea/Radish,Corn,Cereal Rye,Shallow,9,1,2
2022-07-26,106,2,323,11,middle,0,1,0,9,26,0,0,26,0,1,0,0,WBCW,2,3,323,1,Oat/Rea/Radish,Corn,Cereal Rye,Shallow,9,1,2
2022-07-26,110,2,431,1,bottom,0,1,0,9,56,0,0,56,0,1,0,0,WBCW,2,4,431,3,Red Clover/ Cereal Rye,Corn,Cereal Rye,Reduced,9,2,2
2022-07-26,112,2,431,1,bottom,0,1,0,9,38,38,0,0,0,1,0,0,WBCW,2,4,431,3,Red Clover/ Cereal Rye,Corn,Cereal Rye,Reduced,9,2,2
2022-07-26,114,2,431,3,bottom,0,1,0,9,18,0,0,18,0,1,0,0,WBCW,2,4,431,3,Red Clover/ Cereal Rye,Corn,Cereal Rye,Reduced,9,2,2
2022-07-26,116,2,431,3,middle,0,1,0,12,111,0,0,111,0,1,0,0,WBCW,2,4,431,3,Red Clover/ Cereal Rye,Corn,Cereal Rye,Reduced,9,2,2
2022-07-26,118,2,431,6,middle,0,0,1,10,118,0,0,118,0,1,0,0,WBCW,2,4,431,3,Red Clover/ Cereal Rye,Corn,Cereal Rye,Reduced,9,2,2
2022-07-26,120,2,431,6,middle,0,0,1,12,31,0,0,31,0,1,0,0,WBCW,2,4,431,3,Red Clover/ Cereal Rye,Corn,Cereal Rye,Reduced,9,2,2
2022-07-26,122,2,431,8,middle,0,0,1,10,26,0,0,26,0,1,0,0,WBCW,2,4,431,3,Red Clover/ Cereal Rye,Corn,Cereal Rye,Reduced,9,2,2
2022-07-26,123,2,431,9,top,0,0,1,11,33,4,0,29,0,1,0,0,WBCW,2,4,431,3,Red Clover/ Cereal Rye,Corn,Cereal Rye,Reduced,9,2,2
2022-07-26,124,2,431,10,top,0,1,0,12,92,0,0,92,0,1,0,0,WBCW,2,4,431,3,Red Clover/ Cereal Rye,Corn,Cereal Rye,Reduced,9,2,2
2022-07-26,125,2,431,10,top,0,1,0,12,44,5,0,39,0,1,0,0,WBCW,2,4,431,3,Red Clover/ Cereal Rye,Corn,Cereal Rye,Reduced,9,2,2
2022-07-26,127,2,431,10,middle,0,1,0,8,12,0,0,11,1,1,0,0,WBCW,2,4,431,3,Red Clover/ Cereal Rye,Corn,Cereal Rye,Reduced,9,2,2
2022-07-26,128,2,431,10,middle,0,1,0,10,35,0,0,35,0,1,0,0,WBCW,2,4,431,3,Red Clover/ Cereal Rye,Corn,Cereal Rye,Reduced,9,2,2
2022-07-26,129,2,431,11,bottom,0,1,0,8,37,0,0,37,0,1,0,0,WBCW,2,4,431,3,Red Clover/ Cereal Rye,Corn,Cereal Rye,Reduced,9,2,2
2022-07-26,130,2,431,11,bottom,0,1,0,10,39,1,0,38,0,1,0,0,WBCW,2,4,431,3,Red Clover/ Cereal Rye,Corn,Cereal Rye,Reduced,9,2,2
2022-07-26,135,2,431,12,top,0,1,0,11,146,0,0,146,0,1,0,0,WBCW,2,4,431,3,Red Clover/ Cereal Rye,Corn,Cereal Rye,Reduced,9,2,2
2022-07-26,137,2,431,11,top,0,1,0,10,49,0,0,49,0,1,0,0,WBCW,2,4,431,3,Red Clover/ Cereal Rye,Corn,Cereal Rye,Reduced,9,2,2
2022-07-26,138,2,433,1,middle,0,1,0,8,24,0,0,24,0,1,0,0,WBCW,2,4,433,2,Red Clover/ Cereal Rye,Corn,Annual Ryegrass/ Radish/ Crimson Clover,Standard,9,2,2
2022-07-26,139,2,433,2,middle,0,1,0,9,58,0,0,58,0,1,0,0,WBCW,2,4,433,2,Red Clover/ Cereal Rye,Corn,Annual Ryegrass/ Radish/ Crimson Clover,Standard,9,2,2
2022-07-26,141,2,433,2,middle,0,1,0,8,30,0,0,30,0,1,0,0,WBCW,2,4,433,2,Red Clover/ Cereal Rye,Corn,Annual Ryegrass/ Radish/ Crimson Clover,Standard,9,2,2
2022-07-26,143,2,433,2,middle,0,1,0,9,31,0,0,31,0,1,0,0,WBCW,2,4,433,2,Red Clover/ Cereal Rye,Corn,Annual Ryegrass/ Radish/ Crimson Clover,Standard,9,2,2
2022-07-26,144,2,433,2,bottom,0,1,0,10,83,0,0,83,0,1,0,0,WBCW,2,4,433,2,Red Clover/ Cereal Rye,Corn,Annual Ryegrass/ Radish/ Crimson Clover,Standard,9,2,2
2022-07-26,146,2,433,1,bottom,0,1,0,10,35,35,0,0,0,1,0,0,WBCW,2,4,433,2,Red Clover/ Cereal Rye,Corn,Annual Ryegrass/ Radish/ Crimson Clover,Standard,9,2,2
2022-07-26,147,2,433,3,bottom,0,1,0,10,31,0,0,31,0,1,0,0,WBCW,2,4,433,2,Red Clover/ Cereal Rye,Corn,Annual Ryegrass/ Radish/ Crimson Clover,Standard,9,2,2
2022-07-26,148,2,433,4,middle,0,0,1,9,20,20,0,0,0,1,0,0,WBCW,2,4,433,2,Red Clover/ Cereal Rye,Corn,Annual Ryegrass/ Radish/ Crimson Clover,Standard,9,2,2
2022-07-26,149,2,433,4,middle,0,0,1,9,43,8,0,35,0,1,0,0,WBCW,2,4,433,2,Red Clover/ Cereal Rye,Corn,Annual Ryegrass/ Radish/ Crimson Clover,Standard,9,2,2
2022-07-26,150,2,433,3,top,0,1,0,10,78,10,0,68,0,1,0,0,WBCW,2,4,433,2,Red Clover/ Cereal Rye,Corn,Annual Ryegrass/ Radish/ Crimson Clover,Standard,9,2,2
2022-07-26,151,2,433,3,top,0,1,0,8,101,20,0,81,0,1,0,0,WBCW,2,4,433,2,Red Clover/ Cereal Rye,Corn,Annual Ryegrass/ Radish/ Crimson Clover,Standard,9,2,2
2022-07-26,154,2,433,5,top,0,0,1,7,41,1,0,40,0,1,0,0,WBCW,2,4,433,2,Red Clover/ Cereal Rye,Corn,Annual Ryegrass/ Radish/ Crimson Clover,Standard,9,2,2
2022-07-26,155,2,433,5,top,0,0,1,5,55,10,0,45,0,1,0,0,WBCW,2,4,433,2,Red Clover/ Cereal Rye,Corn,Annual Ryegrass/ Radish/ Crimson Clover,Standard,9,2,2
2022-07-26,157,2,433,6,middle,0,0,1,8,53,0,0,53,0,1,0,0,WBCW,2,4,433,2,Red Clover/ Cereal Rye,Corn,Annual Ryegrass/ Radish/ Crimson Clover,Standard,9,2,2
2022-07-26,158,2,433,5,middle,0,0,1,8,134,0,0,134,0,1,0,0,WBCW,2,4,433,2,Red Clover/ Cereal Rye,Corn,Annual Ryegrass/ Radish/ Crimson Clover,Standard,9,2,2
2022-07-26,163,2,433,7,top,0,0,1,11,42,0,0,42,0,1,0,0,WBCW,2,4,433,2,Red Clover/ Cereal Rye,Corn,Annual Ryegrass/ Radish/ Crimson Clover,Standard,9,2,2
2022-07-26,164,2,433,9,top,0,0,1,7,120,0,0,120,0,1,0,0,WBCW,2,4,433,2,Red Clover/ Cereal Rye,Corn,Annual Ryegrass/ Radish/ Crimson Clover,Standard,9,2,2
2022-07-26,165,2,433,10,top,0,1,0,9,83,0,0,83,0,1,0,0,WBCW,2,4,433,2,Red Clover/ Cereal Rye,Corn,Annual Ryegrass/ Radish/ Crimson Clover,Standard,9,2,2
2022-07-26,166,2,433,9,top,0,0,1,11,44,38,0,0,6,1,0,0,WBCW,2,4,433,2,Red Clover/ Cereal Rye,Corn,Annual Ryegrass/ Radish/ Crimson Clover,Standard,9,2,2
2022-07-27,169,2,433,9,middle,0,0,1,9,52,8,0,46,0,1,0,0,WBCW,2,4,433,2,Red Clover/ Cereal Rye,Corn,Annual Ryegrass/ Radish/ Crimson Clover,Standard,9,2,2
2022-07-27,172,2,433,10,middle,0,1,0,8,49,15,0,34,0,1,0,0,WBCW,2,4,433,2,Red Clover/ Cereal Rye,Corn,Annual Ryegrass/ Radish/ Crimson Clover,Standard,9,2,2
2022-07-27,175,2,433,12,top,0,1,0,10,76,20,0,50,0,1,0,0,WBCW,2,4,433,2,Red Clover/ Cereal Rye,Corn,Annual Ryegrass/ Radish/ Crimson Clover,Standard,9,2,2
2022-07-27,177,2,432,2,middle,0,1,0,11,70,0,0,70,0,1,0,0,WBCW,2,4,432,1,Oat/Rea/Radish,Corn,Cereal Rye,Shallow,9,1,2
2022-07-27,178,2,432,2,middle,0,1,0,10,43,0,0,43,0,1,0,0,WBCW,2,4,432,1,Oat/Rea/Radish,Corn,Cereal Rye,Shallow,9,1,2
2022-07-27,179,2,432,2,top,0,1,0,10,56,26,0,30,0,1,0,0,WBCW,2,4,432,1,Oat/Rea/Radish,Corn,Cereal Rye,Shallow,9,1,2
2022-07-27,182,2,432,3,top,0,1,0,11,42,0,0,42,0,1,0,0,WBCW,2,4,432,1,Oat/Rea/Radish,Corn,Cereal Rye,Shallow,9,1,2
2022-07-27,183,2,432,3,middle,0,1,0,9,52,0,0,52,0,1,0,0,WBCW,2,4,432,1,Oat/Rea/Radish,Corn,Cereal Rye,Shallow,9,1,2
2022-07-27,184,2,432,5,middle,0,0,1,9,86,0,0,86,0,1,0,0,WBCW,2,4,432,1,Oat/Rea/Radish,Corn,Cereal Rye,Shallow,9,1,2
2022-07-27,191,2,432,11,bottom,0,1,0,7,52,0,0,52,0,1,0,0,WBCW,2,4,432,1,Oat/Rea/Radish,Corn,Cereal Rye,Shallow,9,1,2
2022-07-27,192,2,221,1,middle,0,1,0,11,80,0,0,80,0,1,0,0,WBCW,2,2,221,1,Oat/Rea/Radish,Corn,Cereal Rye,Shallow,9,1,2
2022-07-27,194,2,221,1,middle,0,1,0,7,51,0,0,51,0,0,1,0,WBCW,2,2,221,1,Oat/Rea/Radish,Corn,Cereal Rye,Shallow,9,1,2
2022-07-27,197,2,221,1,bottom,0,1,0,11,51,0,1,50,0,1,0,0,WBCW,2,2,221,1,Oat/Rea/Radish,Corn,Cereal Rye,Shallow,9,1,2
2022-07-27,198,2,221,1,bottom,0,1,0,10,113,0,0,113,0,1,0,0,WBCW,2,2,221,1,Oat/Rea/Radish,Corn,Cereal Rye,Shallow,9,1,2
2022-07-27,199,2,221,2,bottom,0,1,0,8,109,18,0,91,0,1,0,0,WBCW,2,2,221,1,Oat/Rea/Radish,Corn,Cereal Rye,Shallow,9,1,2
2022-07-27,201,2,221,4,bottom,0,0,1,11,96,0,0,87,9,1,0,0,WBCW,2,2,221,1,Oat/Rea/Radish,Corn,Cereal Rye,Shallow,9,1,2
2022-07-27,202,2,221,4,middle,0,0,1,12,52,0,0,52,0,1,0,0,WBCW,2,2,221,1,Oat/Rea/Radish,Corn,Cereal Rye,Shallow,9,1,2
2022-07-27,205,2,221,5,top,0,0,1,9,27,24,0,3,0,1,0,0,WBCW,2,2,221,1,Oat/Rea/Radish,Corn,Cereal Rye,Shallow,9,1,2
2022-07-27,206,2,221,5,middle,0,0,1,12,38,0,0,38,0,1,0,0,WBCW,2,2,221,1,Oat/Rea/Radish,Corn,Cereal Rye,Shallow,9,1,2
2022-07-27,208,2,221,5,middle,0,0,1,7,94,0,0,0,0,1,0,0,WBCW,2,2,221,1,Oat/Rea/Radish,Corn,Cereal Rye,Shallow,9,1,2
2022-07-27,210,2,221,5,bottom,0,0,1,11,5,2,0,0,0,1,0,0,WBCW,2,2,221,1,Oat/Rea/Radish,Corn,Cereal Rye,Shallow,9,1,2
2022-07-27,211,2,221,5,bottom,0,0,1,9,44,0,0,44,0,1,0,0,WBCW,2,2,221,1,Oat/Rea/Radish,Corn,Cereal Rye,Shallow,9,1,2
2022-07-27,212,2,221,5,bottom,0,0,1,9,38,0,0,38,0,1,0,0,WBCW,2,2,221,1,Oat/Rea/Radish,Corn,Cereal Rye,Shallow,9,1,2
2022-07-27,213,2,221,5,bottom,0,0,1,9,65,0,0,65,0,1,0,0,WBCW,2,2,221,1,Oat/Rea/Radish,Corn,Cereal Rye,Shallow,9,1,2
2022-07-27,215,2,221,9,top,0,0,1,10,113,0,0,113,0,1,0,0,WBCW,2,2,221,1,Oat/Rea/Radish,Corn,Cereal Rye,Shallow,9,1,2
2022-07-27,216,2,221,9,middle,0,0,1,9,67,1,0,66,0,1,0,0,WBCW,2,2,221,1,Oat/Rea/Radish,Corn,Cereal Rye,Shallow,9,1,2
2022-07-27,217,2,221,9,middle,0,0,1,9,101,0,0,101,0,1,0,0,WBCW,2,2,221,1,Oat/Rea/Radish,Corn,Cereal Rye,Shallow,9,1,2
2022-07-27,218,2,221,9,middle,0,0,1,10,46,12,0,34,0,1,0,0,WBCW,2,2,221,1,Oat/Rea/Radish,Corn,Cereal Rye,Shallow,9,1,2
2022-07-27,219,2,221,11,bottom,0,1,0,11,84,0,0,84,0,1,0,0,WBCW,2,2,221,1,Oat/Rea/Radish,Corn,Cereal Rye,Shallow,9,1,2
2022-07-27,221,2,222,12,middle,0,1,0,11,19,0,0,19,0,1,0,0,WBCW,2,2,222,3,Red Clover/ Cereal Rye,Corn,Cereal Rye,Reduced,9,2,2
2022-07-27,224,2,222,1,top,0,1,0,11,55,0,0,53,0,1,0,0,WBCW,2,2,222,3,Red Clover/ Cereal Rye,Corn,Cereal Rye,Reduced,9,2,2
2022-07-27,226,2,222,2,bottom,0,1,0,10,38,28,0,8,0,1,0,0,WBCW,2,2,222,3,Red Clover/ Cereal Rye,Corn,Cereal Rye,Reduced,9,2,2
2022-07-27,227,2,222,3,middle,0,1,0,9,50,0,0,50,0,1,0,0,WBCW,2,2,222,3,Red Clover/ Cereal Rye,Corn,Cereal Rye,Reduced,9,2,2
2022-07-27,228,2,222,3,top,0,1,0,9,90,0,0,89,1,1,0,0,WBCW,2,2,222,3,Red Clover/ Cereal Rye,Corn,Cereal Rye,Reduced,9,2,2
2022-07-27,229,2,222,4,middle,0,0,1,10,61,0,0,61,0,1,0,0,WBCW,2,2,222,3,Red Clover/ Cereal Rye,Corn,Cereal Rye,Reduced,9,2,2
2022-07-27,232,2,222,5,bottom,0,0,1,10,28,12,0,16,0,1,0,0,WBCW,2,2,222,3,Red Clover/ Cereal Rye,Corn,Cereal Rye,Reduced,9,2,2
2022-07-27,233,2,222,5,bottom,0,0,1,12,33,18,0,15,0,1,0,0,WBCW,2,2,222,3,Red Clover/ Cereal Rye,Corn,Cereal Rye,Reduced,9,2,2
2022-07-27,234,2,222,5,bottom,0,0,1,9,110,0,0,106,0,1,0,0,WBCW,2,2,222,3,Red Clover/ Cereal Rye,Corn,Cereal Rye,Reduced,9,2,2
2022-07-27,235,2,222,5,bottom,0,0,1,9,111,82,0,29,0,1,0,0,WBCW,2,2,222,3,Red Clover/ Cereal Rye,Corn,Cereal Rye,Reduced,9,2,2
2022-07-27,239,2,222,6,middle,0,0,1,9,37,0,0,37,0,1,0,0,WBCW,2,2,222,3,Red Clover/ Cereal Rye,Corn,Cereal Rye,Reduced,9,2,2
2022-07-27,240,2,222,6,middle,0,0,1,9,97,0,0,97,0,1,0,0,WBCW,2,2,222,3,Red Clover/ Cereal Rye,Corn,Cereal Rye,Reduced,9,2,2
2022-07-27,241,2,222,6,middle,0,0,1,11,66,0,0,65,1,1,0,0,WBCW,2,2,222,3,Red Clover/ Cereal Rye,Corn,Cereal Rye,Reduced,9,2,2
2022-07-27,242,2,222,6,middle,0,0,1,11,15,6,0,9,0,1,0,0,WBCW,2,2,222,3,Red Clover/ Cereal Rye,Corn,Cereal Rye,Reduced,9,2,2
2022-07-27,243,2,222,7,bottom,0,0,1,9,52,24,0,28,0,1,0,0,WBCW,2,2,222,3,Red Clover/ Cereal Rye,Corn,Cereal Rye,Reduced,9,2,2
2022-07-27,245,2,222,7,bottom,0,0,1,9,28,0,0,0,0,1,0,0,WBCW,2,2,222,3,Red Clover/ Cereal Rye,Corn,Cereal Rye,Reduced,9,2,2
2022-07-27,246,2,222,7,bottom,0,0,1,12,35,0,1,18,0,1,0,0,WBCW,2,2,222,3,Red Clover/ Cereal Rye,Corn,Cereal Rye,Reduced,9,2,2
2022-07-27,247,2,222,7,middle,0,0,1,10,88,0,0,88,0,1,0,0,WBCW,2,2,222,3,Red Clover/ Cereal Rye,Corn,Cereal Rye,Reduced,9,2,2
2022-07-27,248,2,222,7,middle,0,0,1,11,47,30,0,17,0,1,0,0,WBCW,2,2,222,3,Red Clover/ Cereal Rye,Corn,Cereal Rye,Reduced,9,2,2
2022-07-27,251,2,222,8,middle,0,0,1,10,31,0,2,27,0,1,0,0,WBCW,2,2,222,3,Red Clover/ Cereal Rye,Corn,Cereal Rye,Reduced,9,2,2
2022-07-27,252,2,222,8,middle,0,0,1,8,53,0,0,53,0,1,0,0,WBCW,2,2,222,3,Red Clover/ Cereal Rye,Corn,Cereal Rye,Reduced,9,2,2
2022-07-27,253,2,222,8,bottom,0,0,1,8,11,5,0,6,0,1,0,0,WBCW,2,2,222,3,Red Clover/ Cereal Rye,Corn,Cereal Rye,Reduced,9,2,2
2022-07-27,254,2,222,8,bottom,0,0,1,8,57,19,0,38,0,1,0,0,WBCW,2,2,222,3,Red Clover/ Cereal Rye,Corn,Cereal Rye,Reduced,9,2,2
2022-07-27,259,2,222,10,bottom,0,1,0,12,35,0,0,35,0,1,0,0,WBCW,2,2,222,3,Red Clover/ Cereal Rye,Corn,Cereal Rye,Reduced,9,2,2
2022-07-27,261,2,222,10,bottom,0,1,0,10,49,0,0,41,8,1,0,0,WBCW,2,2,222,3,Red Clover/ Cereal Rye,Corn,Cereal Rye,Reduced,9,2,2
2022-07-27,262,2,222,10,bottom,0,1,0,10,54,17,0,37,0,1,0,0,WBCW,2,2,222,3,Red Clover/ Cereal Rye,Corn,Cereal Rye,Reduced,9,2,2
2022-07-27,263,2,222,11,middle,0,1,0,11,121,0,3,117,0,1,0,0,WBCW,2,2,222,3,Red Clover/ Cereal Rye,Corn,Cereal Rye,Reduced,9,2,2
2022-07-27,264,2,222,11,top,0,1,0,8,32,0,0,32,0,1,0,0,WBCW,2,2,222,3,Red Clover/ Cereal Rye,Corn,Cereal Rye,Reduced,9,2,2
2022-07-27,269,2,224,2,top,0,1,0,11,59,0,0,59,0,1,0,0,WBCW,2,2,224,2,Red Clover/ Cereal Rye,Corn,Annual Ryegrass/ Radish/ Crimson Clover,Standard,9,2,2
2022-07-27,270,2,224,2,top,0,1,0,10,46,0,0,46,0,1,0,0,WBCW,2,2,224,2,Red Clover/ Cereal Rye,Corn,Annual Ryegrass/ Radish/ Crimson Clover,Standard,9,2,2
2022-07-27,272,2,224,3,middle,0,1,0,9,104,0,0,98,0,1,0,0,WBCW,2,2,224,2,Red Clover/ Cereal Rye,Corn,Annual Ryegrass/ Radish/ Crimson Clover,Standard,9,2,2
2022-07-27,280,2,122,9,middle,0,0,1,10,60,24,0,36,0,1,0,0,WBCW,2,1,122,2,Red Clover/ Cereal Rye,Corn,Annual Ryegrass/ Radish/ Crimson Clover,Standard,0,0,1
2022-07-27,281,2,124,12,bottom,0,1,0,12,50,0,0,0,0,1,0,0,WBCW,2,1,124,3,Red Clover/ Cereal Rye,Corn,Cereal Rye,Reduced,9,2,2
2022-07-27,282,2,322,12,bottom,0,1,0,8,37,0,0,37,0,0,0,0,WBCW,2,3,322,3,Red Clover/ Cereal Rye,Corn,Cereal Rye,Reduced,9,2,2
2022-07-27,284,2,324,3,bottom,0,1,0,23,51,4,0,47,0,1,0,0,WBCW,2,3,324,2,Red Clover/ Cereal Rye,Corn,Annual Ryegrass/ Radish/ Crimson Clover,Standard,9,2,2
2022-07-27,285,2,323,6,top,0,0,1,9,51,0,2,46,3,1,0,0,WBCW,2,3,323,1,Oat/Rea/Radish,Corn,Cereal Rye,Shallow,9,1,2
2022-07-27,292,2,222,5,bottom,0,0,1,12,90,0,0,0,0,1,0,0,WBCW,2,2,222,3,Red Clover/ Cereal Rye,Corn,Cereal Rye,Reduced,9,2,2
2022-08-03,7,3,121,4,top,0,0,1,7,14,0,0,14,0,1,0,0,WBCW,2,1,121,1,Oat/Rea/Radish,Corn,Cereal Rye,Shallow,9,1,2
2022-08-03,26,3,122,3,bottom,0,1,0,8,85,0,0,0,0,1,0,0,WBCW,2,1,122,2,Red Clover/ Cereal Rye,Corn,Annual Ryegrass/ Radish/ Crimson Clover,Standard,0,0,1
2022-08-03,44,3,124,12,bottom,0,1,0,9,391,125,0,266,0,1,0,0,WBCW,2,1,124,3,Red Clover/ Cereal Rye,Corn,Cereal Rye,Reduced,9,2,2
2022-08-03,75,3,322,12,bottom,0,1,0,11,96,30,0,66,0,1,0,0,WBCW,2,3,322,3,Red Clover/ Cereal Rye,Corn,Cereal Rye,Reduced,9,2,2
2022-08-03,82,3,324,2,bottom,0,1,0,10,50,0,0,50,0,1,0,0,WBCW,2,3,324,2,Red Clover/ Cereal Rye,Corn,Annual Ryegrass/ Radish/ Crimson Clover,Standard,9,2,2
2022-08-03,85,3,324,3,bottom,0,1,0,8,85,0,0,85,0,1,0,0,WBCW,2,3,324,2,Red Clover/ Cereal Rye,Corn,Annual Ryegrass/ Radish/ Crimson Clover,Standard,9,2,2
2022-08-03,100,3,323,7,top,0,0,1,10,70,13,0,57,0,1,0,0,WBCW,2,3,323,1,Oat/Rea/Radish,Corn,Cereal Rye,Shallow,9,1,2
2022-08-03,112,3,431,1,bottom,0,1,0,9,38,38,0,0,0,1,0,0,WBCW,2,4,431,3,Red Clover/ Cereal Rye,Corn,Cereal Rye,Reduced,9,2,2
2022-08-03,148,3,433,4,middle,0,0,1,9,20,7,0,13,0,1,0,0,WBCW,2,4,433,2,Red Clover/ Cereal Rye,Corn,Annual Ryegrass/ Radish/ Crimson Clover,Standard,9,2,2
2022-08-03,149,3,433,4,middle,0,0,1,9,43,14,0,29,0,1,0,0,WBCW,2,4,433,2,Red Clover/ Cereal Rye,Corn,Annual Ryegrass/ Radish/ Crimson Clover,Standard,9,2,2
2022-08-03,151,3,433,3,top,0,1,0,8,101,16,0,85,0,1,0,0,WBCW,2,4,433,2,Red Clover/ Cereal Rye,Corn,Annual Ryegrass/ Radish/ Crimson Clover,Standard,9,2,2
2022-08-03,166,3,433,9,top,0,0,1,11,44,0,0,44,0,1,0,0,WBCW,2,4,433,2,Red Clover/ Cereal Rye,Corn,Annual Ryegrass/ Radish/ Crimson Clover,Standard,9,2,2
2022-08-03,169,3,433,9,middle,0,0,1,9,52,0,0,52,0,1,0,0,WBCW,2,4,433,2,Red Clover/ Cereal Rye,Corn,Annual Ryegrass/ Radish/ Crimson Clover,Standard,9,2,2
2022-08-03,175,3,433,12,top,0,1,0,10,76,18,0,58,0,1,0,0,WBCW,2,4,433,2,Red Clover/ Cereal Rye,Corn,Annual Ryegrass/ Radish/ Crimson Clover,Standard,9,2,2
2022-08-03,179,3,432,2,top,0,1,0,10,56,6,0,50,0,1,0,0,WBCW,2,4,432,1,Oat/Rea/Radish,Corn,Cereal Rye,Shallow,9,1,2
2022-08-03,201,3,221,4,bottom,0,0,1,11,96,0,0,87,9,1,0,0,WBCW,2,2,221,1,Oat/Rea/Radish,Corn,Cereal Rye,Shallow,9,1,2
2022-08-03,210,3,221,5,bottom,0,0,1,11,5,0,0,1,4,1,0,0,WBCW,2,2,221,1,Oat/Rea/Radish,Corn,Cereal Rye,Shallow,9,1,2
2022-08-03,226,3,222,2,bottom,0,1,0,10,38,24,0,14,0,1,0,0,WBCW,2,2,222,3,Red Clover/ Cereal Rye,Corn,Cereal Rye,Reduced,9,2,2
2022-08-03,228,3,222,3,top,0,1,0,9,90,0,0,90,0,1,0,0,WBCW,2,2,222,3,Red Clover/ Cereal Rye,Corn,Cereal Rye,Reduced,9,2,2
2022-08-03,241,3,222,6,middle,0,0,1,11,66,0,0,65,1,1,0,0,WBCW,2,2,222,3,Red Clover/ Cereal Rye,Corn,Cereal Rye,Reduced,9,2,2
2022-08-03,243,3,222,7,bottom,0,0,1,9,52,0,0,51,1,1,0,0,WBCW,2,2,222,3,Red Clover/ Cereal Rye,Corn,Cereal Rye,Reduced,9,2,2
2022-08-03,246,3,222,7,bottom,0,0,1,12,35,0,0,1,0,1,0,0,WBCW,2,2,222,3,Red Clover/ Cereal Rye,Corn,Cereal Rye,Reduced,9,2,2
2022-08-03,248,3,222,7,middle,0,0,1,11,47,0,0,47,0,1,0,0,WBCW,2,2,222,3,Red Clover/ Cereal Rye,Corn,Cereal Rye,Reduced,9,2,2
2022-08-03,251,3,222,8,middle,0,0,1,10,31,3,0,37,1,1,0,0,WBCW,2,2,222,3,Red Clover/ Cereal Rye,Corn,Cereal Rye,Reduced,9,2,2
2022-08-03,254,3,222,8,bottom,0,0,1,8,57,3,0,54,0,1,0,0,WBCW,2,2,222,3,Red Clover/ Cereal Rye,Corn,Cereal Rye,Reduced,9,2,2
2022-08-03,272,3,224,3,middle,0,1,0,9,104,18,0,85,1,1,0,0,WBCW,2,2,224,2,Red Clover/ Cereal Rye,Corn,Annual Ryegrass/ Radish/ Crimson Clover,Standard,9,2,2
2022-08-03,281,3,124,12,bottom,0,1,0,12,50,0,0,50,0,1,0,0,WBCW,2,1,124,3,Red Clover/ Cereal Rye,Corn,Cereal Rye,Reduced,9,2,2
2022-08-03,282,3,322,12,bottom,0,1,0,8,37,0,0,37,0,1,0,0,WBCW,2,3,322,3,Red Clover/ Cereal Rye,Corn,Cereal Rye,Reduced,9,2,2
2022-08-03,284,3,324,3,bottom,0,1,0,23,51,0,0,51,0,1,0,0,WBCW,2,3,324,2,Red Clover/ Cereal Rye,Corn,Annual Ryegrass/ Radish/ Crimson Clover,Standard,9,2,2
2022-08-03,285,3,323,6,top,0,0,1,9,51,0,0,51,0,1,0,0,WBCW,2,3,323,1,Oat/Rea/Radish,Corn,Cereal Rye,Shallow,9,1,2
2022-08-03,292,3,222,5,bottom,0,0,1,12,90,17,0,73,0,1,0,0,WBCW,2,2,222,3,Red Clover/ Cereal Rye,Corn,Cereal Rye,Reduced,9,2,2
